[
	{
		"serviceCode": "BLOCKED_DRAIN_GULLY",
		"description": "Blocked Drain",
		"metadata": true,
		"type": "realtime"
	},
	{
		"serviceCode": "CAR_PARK_CLEANSING",
		"description": "Car Park Cleansing",
		"metadata": true,
		"type": "realtime"
	},
	{
		"serviceCode": "DEAD_ANIMAL",
		"description": "Dead Animals",
		"metadata": true,
		"type": "realtime"
	},
	{
		"serviceCode": "FLY_TIPPING",
		"description": "Fly Tipping",
		"metadata": true,
		"type": "realtime"
	}
]